{
    "Extrinsic":[[  9.9524586750555943e-01, 1.9634287251536327e-02, 9.5394748163778353e-02, -4.1213666672328636e-01],
                [-9.4312765955231248e-02, -5.0146463360214666e-02, 9.9427885142465755e-01, 2.2791646784342182e-01],
                [2.4305665820551180e-02,  -9.9854886058549319e-01, -4.8056296491020722e-02, 2.4204081216148773e-01],
                [0,0,0,1]],
    
    "Intrinsic":[[7.9303180713056611e+02, 0, 3.3327513326698403e+02],
                [0,7.8881690757436286e+02, 1.8751763735448313e+02],
                [0,0,1]],
    
    "Distortion":[0,0,0,0]}